q2,dBR/dq2,dBR/dq2_upper,dBR/dq2_lower
1.1,7.900724043885342e-13,1.3108912203505735e-12,4.792825423935311e-13
1.1072485947812527,7.758342861852568e-13,1.2875411426180191e-12,4.702133712434255e-13
1.114497189562505,7.61893581770105e-13,1.2646725864529509e-12,4.613396121106914e-13
1.1217457843437575,7.482417080601628e-13,1.2422716468386577e-12,4.526557293762144e-13
1.12899437912501,7.34870357557849e-13,1.2203248676360959e-12,4.441563609822916e-13
1.1362429739062627,7.217714875487526e-13,1.1988192238856244e-12,4.358363118440552e-13
1.1434915686875151,7.089373097833215e-13,1.1777421049041264e-12,4.276905475485317e-13
1.1507401634687675,6.963602806174555e-13,1.15708129813656e-12,4.197141883264792e-13
1.1579887582500203,6.840330915867428e-13,1.1368249737199471e-12,4.119025032819324e-13
1.1652373530312727,6.71948660393107e-13,1.1169616697250746e-12,4.042509048679647e-13
1.1724859478125254,6.601001222808309e-13,1.0974802780380355e-12,3.967549435941617e-13
1.1797345425937775,6.484808217827336e-13,1.0783700308495325e-12,3.894103029552603e-13
1.1869831373750304,6.370843048169045e-13,1.0596204877200023e-12,3.8221279456928523e-13
1.194231732156283,6.25904311115847e-13,1.041221523190629e-12,3.751583535146061e-13
1.2014803269375354,6.149347669702697e-13,1.0231633149110454e-12,3.6824303385522067e-13
1.208728921718788,6.041697782725352e-13,1.0054363322585074e-12,3.6146300434603145e-13
1.2159775165000404,5.936036238427202e-13,9.880313254214198e-13,3.5481454430756444e-13
1.223226111281293,5.83230749024065e-13,9.709393149244616e-13,3.4829403966280485e-13
1.2304747060625454,5.730457595322507e-13,9.54151581570447e-13,3.418979791266328e-13
1.237723300843798,5.630434155470635e-13,9.376596567795548e-13,3.356229505415204e-13
1.2449718956250506,5.532186260321808e-13,9.214553133027928e-13,3.294656373508576e-13
1.252220490406303,5.435664432717496e-13,9.055305562907843e-13,3.2342281520321216e-13
1.2594690851875556,5.340820576129732e-13,8.898776147002573e-13,3.174913486815739e-13
1.2667176799688082,5.247607924014563e-13,8.744889330165426e-13,3.1166818814917e-13
1.2739662747500606,5.15598099101857e-13,8.593571632793901e-13,3.059503667080505e-13
1.2812148695313132,5.065895525911047e-13,8.444751573915713e-13,3.003349972626549e-13
1.2884634643125656,4.977308466155481e-13,8.298359596957485e-13,2.9481926968336415e-13
1.2957120590938185,4.89017789403086e-13,8.154327998051208e-13,2.894004480645738e-13
1.3029606538750709,4.804462994200473e-13,8.012590856705185e-13,2.840758680717387e-13
1.3102092486563233,4.720124012653278e-13,7.873083968723957e-13,2.788429343723231e-13
1.317457843437576,4.637122216920773e-13,7.735744781206195e-13,2.7369911814577665e-13
1.3247064382188285,4.555419857495895e-13,7.600512329508549e-13,2.6864195466733997e-13
1.331955033000081,4.474980130363078e-13,7.467327176025205e-13,2.636690409608218e-13
1.3392036277813333,4.395767140570369e-13,7.336131350658386e-13,2.5877803351651725e-13
1.346452222562586,4.317745866751284e-13,7.206868292840835e-13,2.5396664606821533e-13
1.3537008173438383,4.240882126524835e-13,7.079482794986588e-13,2.492326474256272e-13
1.360949412125091,4.165142542698966e-13,6.95392094724033e-13,2.4457385935759386e-13
1.3681980069063435,4.090494510188122e-13,6.830130083387209e-13,2.39988154521011e-13
1.375446601687596,4.0169061635695117e-13,6.708058727793534e-13,2.3547345443090006e-13
1.3826951964688483,3.9443463452007515e-13,6.587656543249526e-13,2.31027727467272e-13
1.3899437912501011,3.8727845738059334e-13,6.468874279560608e-13,2.2664898691332144e-13
1.3971923860313535,3.80219101345492e-13,6.351663722762104e-13,2.223352890204684e-13
1.404440980812606,3.7325364428298667e-13,6.235977644785317e-13,2.180847310943027e-13
1.4116895755938583,3.6637922247053067e-13,6.121769753443292e-13,2.1389544959703438e-13
1.4189381703751112,3.595930275527167e-13,6.008994642554558e-13,2.0976561825983048e-13
1.4261867651563636,3.5289230349849445e-13,5.897607742025098e-13,2.0569344619898576e-13
1.4334353599376162,3.462743435473153e-13,5.787565267711911e-13,2.0167717603001444e-13
1.4406839547188688,3.39736487131652e-13,5.67882417086693e-13,1.9771508197217578e-13
1.4479325495001212,3.3327611676117e-13,5.571342086907009e-13,1.9380546793547407e-13
1.4551811442813738,3.268906548567418e-13,5.465077283318441e-13,1.8994666558277437e-13
1.4624297390626262,3.2057756051548243e-13,5.359988606377709e-13,1.8613703235696997e-13
1.4696783338438788,3.1433432619092663e-13,5.256035426427849e-13,1.8237494946350147e-13
1.4769269286251312,3.0815847426757044e-13,5.153177581357427e-13,1.7865881979671842e-13
1.4841755234063838,3.0204755350846204e-13,5.051375317928685e-13,1.749870657979907e-13
1.4914241181876364,2.959991353494775e-13,4.950589230514281e-13,1.7135812723066912e-13
1.4986727129688888,2.900108100138972e-13,4.85078019680039e-13,1.677704588564721e-13
1.5059213077501414,2.840801824128559e-13,4.751909309874381e-13,1.6422252799427747e-13
1.513169902531394,2.7820486779711863e-13,4.653937806130362e-13,1.6071281194162207e-13
1.5204184973126464,2.7238248711551457e-13,4.556826988233431e-13,1.5723979523347946e-13
1.5276670920938988,2.666106620330494e-13,4.460538142361616e-13,1.538019667117908e-13
1.5349156868751517,2.608870095505983e-13,4.365032448749852e-13,1.5039781637329889e-13
1.542164281656404,2.552091361604126e-13,4.2702708844360637e-13,1.4702583195782323e-13
1.5494128764376565,2.4957463146062073e-13,4.1762141169206477e-13,1.4368449523400707e-13
1.556661471218909,2.43981061135558e-13,4.0828223871815223e-13,1.403722779303716e-13
1.5639100660001617,2.384259591966854e-13,3.99005538027655e-13,1.370876372511816e-13
1.571158660781414,2.32906819353544e-13,3.8978720813525604e-13,1.3382901090462922e-13
1.5784072555626667,2.2742108536304525e-13,3.80623061451299e-13,1.3059481155696104e-13
1.585655850343919,2.2196614017348589e-13,3.7150880614722394e-13,1.27383420609241e-13
1.5929044451251717,2.1653929363967562e-13,3.6244002562486895e-13,1.2419318117097557e-13
1.600153039906424,2.1113776854234323e-13,3.5341215514269706e-13,1.2102239007940165e-13
1.6074016346876767,2.057586845804412e-13,3.4442045504353125e-13,1.1786928877834985e-13
1.614650229468929,2.003990399336158e-13,3.354599799095377e-13,1.1473205282869075e-13
1.6218988242501815,1.950556898921359e-13,3.265255428013909e-13,1.1160877976822082e-13
1.6291474190314343,1.8972532193247998e-13,3.1761167354145814e-13,1.0849747496862114e-13
1.636396013812687,1.844044264524082e-13,3.0871256972209017e-13,1.0539603504771395e-13
1.6436446085939391,1.7908926217320365e-13,2.9982203877823895e-13,1.0230222827651442e-13
1.6508932033751915,1.737758149397909e-13,2.9093342899749916e-13,9.921367126540892e-14
1.6581417981564444,1.684597482822809e-13,2.8203954672617203e-13,9.612780100647633e-14
1.665390392937697,1.6313634360562165e-13,2.731325561980088e-13,9.304184106882298e-14
1.6726389877189494,1.5780042719608333e-13,2.6420385727699025e-13,8.995276036054294e-14
1.679887582500202,1.5244628029724926e-13,2.5524393483637764e-13,8.685722234381887e-14
1.6871361772814546,1.4706752718916417e-13,2.4624217128866037e-13,8.375152184428875e-14
1.694384772062707,1.4165699432484201e-13,2.3718661063219976e-13,8.063150553539735e-14
1.7016333668439594,1.362065308484154e-13,2.280636578082003e-13,7.749247063794287e-14
1.708881961625212,1.3070677677337018e-13,2.1885769038560906e-13,7.432903409039635e-14
1.7161305564064646,1.2514685897287022e-13,2.0955054933094686e-13,7.113496098756727e-14
1.723379151187717,1.1951398563086425e-13,2.0012085970306945e-13,6.790293571973337e-14
1.7306277459689696,1.13792894641727e-13,1.9054310672232537e-13,6.46242506832748e-14
1.7378763407502222,1.0796508649090032e-13,1.807863508675143e-13,6.128837334347258e-14
1.7451249355314746,1.0200772955878269e-13,1.7081239432549453e-13,5.788232837730085e-14
1.752373530312727,9.589204998261563e-14,1.605730841587654e-13,5.438978881166694e-14
1.75962212509398,8.958087642351598e-14,1.500062000958648e-13,5.0789689989154125e-14
1.7668707198752325,8.302472868281724e-14,1.3902890357186316e-13,4.705402124307114e-14
1.7741193146564846,7.615523855919624e-14,1.2752671887981595e-13,4.3144110912966685e-14
1.7813679094377373,6.887328741020647e-14,1.153336660992218e-13,3.900392719693935e-14
1.78861650421899,6.102554964648091e-14,1.0219297699566286e-13,3.4546829578699e-14
1.7958650990002425,5.235168956383863e-14,8.76686633689724e-14,2.9625740554203954e-14
1.8031136937814949,4.233934085472594e-14,7.090264810933802e-14,2.3951211909292047e-14
1.8103622885627475,2.9652196143393374e-14,4.965698479349941e-14,1.676825367026995e-14
1.817610883344,0.0,0.0,0.0
