# s [m_b^2],Re disc 2-loop,Im disc 2-loop,Re disc fit,Im disc fit
-0.09990,-0.00000,0.00000,0.00000,0.00000
-0.09539,-0.00000,0.00000,0.00000,0.00000
-0.09087,-0.00000,0.00000,0.00000,0.00000
-0.08636,-0.00000,0.00000,0.00000,0.00000
-0.08184,-0.00000,0.00000,0.00000,0.00000
-0.07733,-0.00000,0.00000,0.00000,0.00000
-0.07281,-0.00000,0.00000,0.00000,0.00000
-0.06830,-0.00000,0.00000,0.00000,0.00000
-0.06378,-0.00000,0.00000,0.00000,0.00000
-0.05927,-0.00000,0.00000,0.00000,0.00000
-0.05475,-0.00000,0.00000,0.00000,0.00000
-0.05024,-0.00000,0.00000,0.00000,0.00000
-0.04572,-0.00000,0.00000,0.00000,0.00000
-0.04121,-0.00000,0.00000,0.00000,0.00000
-0.03669,-0.00000,0.00000,0.00000,0.00000
-0.03218,-0.00000,0.00000,0.00000,0.00000
-0.02766,-0.00000,0.00000,0.00000,0.00000
-0.02315,-0.00000,0.00000,0.00000,0.00000
-0.01864,-0.00000,0.00000,0.00000,0.00000
-0.01412,-0.00000,0.00000,0.00000,0.00000
-0.00961,-0.00000,0.00000,0.00000,0.00000
-0.00509,-0.00000,0.00000,0.00000,0.00000
-0.00058,-0.00000,0.00000,0.00000,0.00000
0.00394,-0.00258,0.00097,-0.00258,0.00097
0.00845,-0.00554,0.00211,-0.00554,0.00211
0.01297,-0.00851,0.00330,-0.00851,0.00330
0.01748,-0.01147,0.00452,-0.01147,0.00452
0.02200,-0.01444,0.00579,-0.01444,0.00579
0.02651,-0.01741,0.00709,-0.01741,0.00709
0.03103,-0.02037,0.00844,-0.02038,0.00844
0.03554,-0.02334,0.00983,-0.02334,0.00983
0.04006,-0.02631,0.01126,-0.02631,0.01127
0.04457,-0.02927,0.01274,-0.02927,0.01274
0.04909,-0.03223,0.01426,-0.03223,0.01426
0.05360,-0.03519,0.01583,-0.03519,0.01583
0.05812,-0.03815,0.01744,-0.03815,0.01744
0.06263,-0.04110,0.01909,-0.04110,0.01910
0.06714,-0.04404,0.02080,-0.04404,0.02080
0.07166,-0.04698,0.02254,-0.04698,0.02255
0.07617,-0.04991,0.02434,-0.04991,0.02434
0.08069,-0.05283,0.02618,-0.05284,0.02618
0.08520,-0.05575,0.02807,-0.05575,0.02808
0.08972,-0.05865,0.03001,-0.05866,0.03002
0.09423,-0.06155,0.03200,-0.06155,0.03200
0.09875,-0.06443,0.03404,-0.06443,0.03404
0.10326,-0.06730,0.03613,-0.06730,0.03613
0.10778,-0.07016,0.03827,-0.07016,0.03827
0.11229,-0.07300,0.04046,-0.07300,0.04046
0.11681,-0.07582,0.04270,-0.07583,0.04270
0.12132,-0.07863,0.04499,-0.07864,0.04499
0.12584,-0.08143,0.04734,-0.08143,0.04734
0.13035,-0.08420,0.04973,-0.08420,0.04973
0.13487,-0.08695,0.05218,-0.08695,0.05219
0.13938,-0.08968,0.05469,-0.08969,0.05469
0.14389,-0.09239,0.05725,-0.09239,0.05725
0.14841,-0.09507,0.05986,-0.09508,0.05986
0.15292,-0.09773,0.06252,-0.09773,0.06253
0.15744,-0.10036,0.06525,-0.10037,0.06525
0.16195,-0.10297,0.06802,-0.10297,0.06802
0.16647,-0.10554,0.07085,-0.10554,0.07086
0.17098,-0.10808,0.07374,-0.10809,0.07374
0.17550,-0.11059,0.07668,-0.11059,0.07669
0.18001,-0.11307,0.07968,-0.11307,0.07968
0.18453,-0.11551,0.08274,-0.11551,0.08274
0.18904,-0.11791,0.08585,-0.11791,0.08585
0.19356,-0.12027,0.08901,-0.12027,0.08902
0.19807,-0.12259,0.09224,-0.12260,0.09224
0.20259,-0.12487,0.09552,-0.12487,0.09552
0.20710,-0.12710,0.09885,-0.12711,0.09885
0.21162,-0.12929,0.10224,-0.12929,0.10225
0.21613,-0.13143,0.10569,-0.13143,0.10569
0.22064,-0.13351,0.10919,-0.13351,0.10920
0.22516,-0.13555,0.11275,-0.13555,0.11276
0.22967,-0.13753,0.11637,-0.13752,0.11638
0.23419,-0.13945,0.12004,-0.13946,0.12004
0.23870,-0.14132,0.12376,-0.14131,0.12377
0.24322,-0.14312,0.12754,-0.14313,0.12754
0.24773,-0.14486,0.13137,-0.14486,0.13138
0.25225,-0.14653,0.13525,-0.14654,0.13525
0.25676,-0.14814,0.13919,-0.14814,0.13920
0.26128,-0.14968,0.14317,-0.14968,0.14317
0.26579,-0.15114,0.14721,-0.15114,0.14722
0.27031,-0.15253,0.15130,-0.15253,0.15129
0.27482,-0.15384,0.15543,-0.15384,0.15544
0.27934,-0.15507,0.15961,-0.15507,0.15961
0.28385,-0.15622,0.16384,-0.15622,0.16385
0.28837,-0.15728,0.16811,-0.15728,0.16810
0.29288,-0.15825,0.17243,-0.15825,0.17244
0.29739,-0.15913,0.17678,-0.15914,0.17677
0.30191,-0.15992,0.18118,-0.15993,0.18119
0.30642,-0.16062,0.18561,-0.16062,0.18560
0.31094,-0.16121,0.19008,-0.16122,0.19009
0.31545,-0.16171,0.19458,-0.16170,0.19457
0.31997,-0.16210,0.19911,-0.16210,0.19912
0.32448,-0.16238,0.20367,-0.16237,0.20366
0.32900,-0.16255,0.20826,-0.16256,0.20827
0.33351,-0.16261,0.21287,-0.16259,0.21286
0.33803,-0.16255,0.21750,-0.16257,0.21751
0.34254,-0.16238,0.22215,-0.16236,0.22214
0.34706,-0.16209,0.22681,-0.16210,0.22681
0.35157,-0.16167,0.23148,-0.16164,0.23147
0.35609,-0.16112,0.23616,-0.16114,0.23616
0.36060,-0.16045,0.24083,-0.16042,0.24083
0.36512,-0.15965,0.24551,-0.15967,0.24551
0.36963,-0.15871,0.25018,-0.15867,0.25018
0.37415,-0.15764,0.25483,-0.15766,0.25483
0.37866,-0.15643,0.25947,-0.15639,0.25948
0.38317,-0.15508,0.26409,-0.15510,0.26409
0.38769,-0.15358,0.26868,-0.15354,0.26869
0.39220,-0.15195,0.27324,-0.15197,0.27324
0.39672,-0.15017,0.27776,-0.15012,0.27776
0.40123,-0.14824,0.28223,-0.14826,0.28223
0.40575,-0.14616,0.28665,-0.14612,0.28664
0.41026,-0.14394,0.29101,-0.14396,0.29102
0.41478,-0.14156,0.29531,-0.14153,0.29528
0.41929,-0.13904,0.29953,-0.13907,0.29954
0.42381,-0.13636,0.30367,-0.13634,0.30363
0.42832,-0.13354,0.30771,-0.13357,0.30773
0.43284,-0.13057,0.31166,-0.13057,0.31163
0.43735,-0.12745,0.31551,-0.12747,0.31554
0.44187,-0.12419,0.31923,-0.12421,0.31920
0.44638,-0.12079,0.32283,-0.12079,0.32287
0.45090,-0.11724,0.32630,-0.11727,0.32628
0.45541,-0.11356,0.32962,-0.11353,0.32965
0.45992,-0.10975,0.33279,-0.10979,0.33278
0.46444,-0.10581,0.33579,-0.10577,0.33576
0.46895,-0.10175,0.33862,-0.10178,0.33864
0.47347,-0.09758,0.34126,-0.09758,0.34121
0.47798,-0.09330,0.34370,-0.09329,0.34375
0.48250,-0.08892,0.34594,-0.08896,0.34593
0.48701,-0.08445,0.34796,-0.08440,0.34794
0.49153,-0.07991,0.34976,-0.07994,0.34979
0.49604,-0.07530,0.35132,-0.07532,0.35128
0.50056,-0.07064,0.35263,-0.07061,0.35267
0.50507,-0.06595,0.35369,-0.06599,0.35370
0.50959,-0.06124,0.35448,-0.06125,0.35444
0.51410,-0.05652,0.35501,-0.05649,0.35505
0.51862,-0.05183,0.35525,-0.05187,0.35528
0.52313,-0.04717,0.35522,-0.04720,0.35519
0.52765,-0.04257,0.35490,-0.04253,0.35487
0.53216,-0.03806,0.35429,-0.03807,0.35433
0.53667,-0.03367,0.35339,-0.03371,0.35341
0.54119,-0.02941,0.35221,-0.02944,0.35219
0.54570,-0.02533,0.35075,-0.02533,0.35072
0.55022,-0.02144,0.34903,-0.02140,0.34901
0.55473,-0.01778,0.34705,-0.01775,0.34708
0.55925,-0.01439,0.34484,-0.01438,0.34488
0.56376,-0.01130,0.34242,-0.01129,0.34245
0.56828,-0.00853,0.33982,-0.00852,0.33985
0.57279,-0.00613,0.33708,-0.00610,0.33708
0.57731,-0.00410,0.33425,-0.00410,0.33424
0.58182,-0.00248,0.33139,-0.00250,0.33140
0.58634,-0.00128,0.32857,-0.00127,0.32857
0.59085,-0.00050,0.32586,-0.00050,0.32587
0.59537,-0.00010,0.32338,-0.00009,0.32338
0.59988,-0.00000,0.32123,-0.00000,0.32123
0.60440,-0.00000,0.31946,0.00000,0.31946
0.60891,-0.00000,0.31793,0.00000,0.31794
0.61343,-0.00000,0.31658,0.00000,0.31658
0.61794,-0.00000,0.31537,0.00000,0.31537
0.62245,-0.00000,0.31428,0.00000,0.31428
0.62697,-0.00000,0.31329,0.00000,0.31329
0.63148,-0.00000,0.31238,0.00000,0.31239
0.63600,-0.00000,0.31156,0.00000,0.31156
0.64051,-0.00000,0.31081,0.00000,0.31081
0.64503,-0.00000,0.31011,0.00000,0.31012
0.64954,-0.00000,0.30948,0.00000,0.30948
0.65406,-0.00000,0.30889,0.00000,0.30890
0.65857,-0.00000,0.30836,0.00000,0.30836
0.66309,-0.00000,0.30786,0.00000,0.30787
0.66760,-0.00000,0.30741,0.00000,0.30741
0.67212,-0.00000,0.30699,0.00000,0.30699
0.67663,-0.00000,0.30661,0.00000,0.30661
0.68115,-0.00000,0.30626,0.00000,0.30626
0.68566,-0.00000,0.30593,0.00000,0.30593
0.69018,-0.00000,0.30564,0.00000,0.30564
0.69469,-0.00000,0.30537,0.00000,0.30537
0.69920,-0.00000,0.30512,0.00000,0.30512
0.70372,-0.00000,0.30490,0.00000,0.30490
0.70823,-0.00000,0.30470,0.00000,0.30470
0.71275,-0.00000,0.30452,0.00000,0.30452
0.71726,-0.00000,0.30435,0.00000,0.30435
0.72178,-0.00000,0.30421,0.00000,0.30421
0.72629,-0.00000,0.30408,0.00000,0.30408
0.73081,-0.00000,0.30397,0.00000,0.30397
0.73532,-0.00000,0.30387,0.00000,0.30387
0.73984,-0.00000,0.30378,0.00000,0.30379
0.74435,-0.00000,0.30371,0.00000,0.30371
0.74887,-0.00000,0.30366,0.00000,0.30366
0.75338,-0.00000,0.30361,0.00000,0.30361
0.75790,-0.00000,0.30358,0.00000,0.30358
0.76241,-0.00000,0.30356,0.00000,0.30356
0.76693,-0.00000,0.30354,0.00000,0.30354
0.77144,-0.00000,0.30354,0.00000,0.30354
0.77595,-0.00000,0.30355,0.00000,0.30355
0.78047,-0.00000,0.30356,0.00000,0.30357
0.78498,-0.00000,0.30359,0.00000,0.30359
0.78950,-0.00000,0.30362,0.00000,0.30362
0.79401,-0.00000,0.30366,0.00000,0.30366
0.79853,-0.00000,0.30371,0.00000,0.30371
0.80304,-0.00000,0.30377,0.00000,0.30377
0.80756,-0.00000,0.30383,0.00000,0.30383
0.81207,-0.00000,0.30390,0.00000,0.30390
0.81659,-0.00000,0.30398,0.00000,0.30398
0.82110,-0.00000,0.30406,0.00000,0.30406
0.82562,-0.00000,0.30415,0.00000,0.30415
0.83013,-0.00000,0.30424,0.00000,0.30424
0.83465,-0.00000,0.30434,0.00000,0.30434
0.83916,-0.00000,0.30444,0.00000,0.30444
0.84368,-0.00000,0.30455,0.00000,0.30455
0.84819,-0.00000,0.30467,0.00000,0.30467
0.85271,-0.00000,0.30478,0.00000,0.30478
0.85722,-0.00000,0.30491,0.00000,0.30491
0.86173,-0.00000,0.30503,0.00000,0.30503
0.86625,-0.00000,0.30516,0.00000,0.30516
0.87076,-0.00000,0.30530,0.00000,0.30530
0.87528,-0.00000,0.30544,0.00000,0.30544
0.87979,-0.00000,0.30558,0.00000,0.30558
0.88431,-0.00000,0.30572,0.00000,0.30572
0.88882,-0.00000,0.30587,0.00000,0.30587
0.89334,-0.00000,0.30602,0.00000,0.30602
0.89785,-0.00000,0.30618,0.00000,0.30618
0.90237,-0.00000,0.30634,0.00000,0.30634
0.90688,-0.00000,0.30650,0.00000,0.30650
0.91140,-0.00000,0.30666,0.00000,0.30666
0.91591,-0.00000,0.30682,0.00000,0.30682
0.92043,-0.00000,0.30699,0.00000,0.30699
0.92494,-0.00000,0.30716,0.00000,0.30716
0.92946,-0.00000,0.30734,0.00000,0.30734
0.93397,-0.00000,0.30751,0.00000,0.30751
0.93848,-0.00000,0.30769,0.00000,0.30769
0.94300,-0.00000,0.30787,0.00000,0.30787
0.94751,-0.00000,0.30805,0.00000,0.30805
0.95203,-0.00000,0.30823,0.00000,0.30823
0.95654,-0.00000,0.30842,0.00000,0.30842
0.96106,-0.00000,0.30861,0.00000,0.30860
0.96557,-0.00000,0.30879,0.00000,0.30879
0.97009,-0.00000,0.30898,0.00000,0.30898
0.97460,0.00000,0.30918,0.00000,0.30918
0.97912,0.00000,0.30937,0.00000,0.30937
0.98363,0.00000,0.30956,0.00000,0.30956
0.98815,0.00000,0.30976,0.00000,0.30976
0.99266,-0.00000,0.30996,0.00000,0.30996
0.99718,0.00000,0.31016,0.00000,0.31016
1.00169,0.00001,0.31036,0.00000,0.31036
1.00621,0.00000,0.31056,0.00000,0.31056
1.01072,-0.00000,0.31076,0.00000,0.31076
1.01523,-0.00000,0.31096,0.00000,0.31096
1.01975,0.00000,0.31117,0.00000,0.31117
1.02426,0.00000,0.31137,0.00000,0.31137
1.02878,0.00000,0.31158,0.00000,0.31158
1.03329,-0.00000,0.31179,0.00000,0.31179
1.03781,0.00000,0.31199,0.00000,0.31199
1.04232,0.00000,0.31220,0.00000,0.31220
1.04684,0.00000,0.31241,0.00000,0.31241
1.05135,-0.00000,0.31262,0.00000,0.31262
1.05587,-0.00000,0.31284,0.00000,0.31284
1.06038,-0.00000,0.31305,0.00000,0.31305
1.06490,-0.00000,0.31326,0.00000,0.31326
1.06941,-0.00000,0.31347,0.00000,0.31347
1.07393,-0.00000,0.31369,0.00000,0.31369
1.07844,-0.00000,0.31390,0.00000,0.31390
1.08296,-0.00000,0.31412,0.00000,0.31412
1.08747,-0.00000,0.31433,0.00000,0.31433
1.09198,-0.00000,0.31455,0.00000,0.31455
1.09650,-0.00000,0.31477,0.00000,0.31477
1.10101,-0.00000,0.31498,0.00000,0.31498
1.10553,-0.00000,0.31520,0.00000,0.31520
1.11004,-0.00000,0.31542,0.00000,0.31542
1.11456,-0.00000,0.31564,0.00000,0.31564
1.11907,-0.00000,0.31586,0.00000,0.31586
1.12359,-0.00000,0.31608,0.00000,0.31608
1.12810,-0.00000,0.31630,0.00000,0.31630
1.13262,-0.00000,0.31652,0.00000,0.31651
1.13713,-0.00000,0.31674,0.00000,0.31674
1.14165,-0.00000,0.31696,0.00000,0.31696
1.14616,-0.00000,0.31718,0.00000,0.31718
1.15068,-0.00000,0.31740,0.00000,0.31740
1.15519,-0.00000,0.31762,0.00000,0.31762
1.15971,-0.00000,0.31784,0.00000,0.31784
1.16422,-0.00000,0.31806,0.00000,0.31806
1.16874,-0.00000,0.31828,0.00000,0.31828
1.17325,-0.00000,0.31850,0.00000,0.31850
1.17776,-0.00000,0.31873,0.00000,0.31873
1.18228,-0.00000,0.31895,0.00000,0.31895
1.18679,-0.00000,0.31917,0.00000,0.31917
1.19131,-0.00000,0.31939,0.00000,0.31939
1.19582,-0.00000,0.31962,0.00000,0.31961
1.20034,-0.00000,0.31984,0.00000,0.31984
1.20485,-0.00000,0.32006,0.00000,0.32006
1.20937,-0.00000,0.32028,0.00000,0.32028
1.21388,-0.00000,0.32051,0.00000,0.32050
1.21840,-0.00000,0.32073,0.00000,0.32073
1.22291,-0.00000,0.32095,0.00000,0.32095
1.22743,-0.00000,0.32117,0.00000,0.32117
1.23194,-0.00000,0.32140,0.00000,0.32140
1.23646,-0.00000,0.32162,0.00000,0.32162
1.24097,-0.00000,0.32184,0.00000,0.32184
1.24549,-0.00000,0.32206,0.00000,0.32206
1.25000,-0.00000,0.32229,0.00000,0.32229
