# s [m_b^2],Im disc 2-loop,Im disc fit
0.00010,0.00000,0.00000
0.00679,0.00000,0.00000
0.01348,0.00000,0.00000
0.02017,0.00000,0.00000
0.02685,0.00000,0.00000
0.03354,0.00000,0.00000
0.04023,0.00000,0.00000
0.04692,0.00000,0.00000
0.05361,0.00000,0.00000
0.06030,0.00000,0.00000
0.06699,0.00000,0.00000
0.07367,0.00000,0.00000
0.08036,0.00000,0.00000
0.08705,0.00000,0.00000
0.09374,0.00000,0.00000
0.10043,0.00000,0.00000
0.10712,0.00000,0.00000
0.11381,0.00000,0.00000
0.12050,0.00000,0.00000
0.12718,0.00000,0.00000
0.13387,0.00000,0.00000
0.14056,0.00000,0.00000
0.14725,0.00000,0.00000
0.15394,0.00000,0.00000
0.16063,0.00000,0.00000
0.16732,0.00000,0.00000
0.17400,0.00000,0.00000
0.18069,0.00000,0.00000
0.18738,0.00000,0.00000
0.19407,0.00000,0.00000
0.20076,0.00000,0.00000
0.20745,0.00000,0.00000
0.21414,0.00000,0.00000
0.22082,0.00000,0.00000
0.22751,0.00000,0.00000
0.23420,0.00000,0.00000
0.24089,0.00000,0.00000
0.24758,0.00000,0.00000
0.25427,0.00000,0.00000
0.26096,0.00000,0.00000
0.26765,0.00000,0.00000
0.27433,0.00000,0.00000
0.28102,0.00000,0.00000
0.28771,-0.00000,0.00000
0.29440,-0.00000,0.00000
0.30109,-0.00000,0.00000
0.30778,-0.00000,0.00000
0.31447,-0.00000,0.00000
0.32115,-0.00000,0.00000
0.32784,-0.00000,0.00000
0.33453,-0.00000,0.00000
0.34122,-0.00000,0.00000
0.34791,-0.00000,0.00000
0.35460,-0.00000,0.00000
0.36129,-0.00000,0.00000
0.36797,-0.00000,0.00000
0.37466,-0.00000,0.00000
0.38135,-0.00000,0.00000
0.38804,-0.00000,0.00000
0.39473,-0.00000,0.00000
0.40142,-0.18552,-0.14814
0.40811,-0.41956,-0.34418
0.41479,-0.53945,-0.45161
0.42148,-0.62034,-0.52834
0.42817,-0.67900,-0.58716
0.43486,-0.72275,-0.63360
0.44155,-0.75562,-0.67074
0.44824,-0.78010,-0.70051
0.45493,-0.79792,-0.72421
0.46162,-0.81030,-0.74281
0.46830,-0.81815,-0.75705
0.47499,-0.82218,-0.76749
0.48168,-0.82294,-0.77460
0.48837,-0.82090,-0.77877
0.49506,-0.81643,-0.78030
0.50175,-0.80982,-0.77949
0.50844,-0.80135,-0.77655
0.51512,-0.79124,-0.77169
0.52181,-0.77967,-0.76511
0.52850,-0.76681,-0.75695
0.53519,-0.75280,-0.74735
0.54188,-0.73777,-0.73645
0.54857,-0.72184,-0.72435
0.55526,-0.70509,-0.71117
0.56194,-0.68761,-0.69699
0.56863,-0.66948,-0.68191
0.57532,-0.65078,-0.66599
0.58201,-0.63155,-0.64931
0.58870,-0.61187,-0.63193
0.59539,-0.59177,-0.61392
0.60208,-0.57130,-0.59534
0.60877,-0.55051,-0.57622
0.61545,-0.52943,-0.55662
0.62214,-0.50809,-0.53659
0.62883,-0.48653,-0.51616
0.63552,-0.46477,-0.49537
0.64221,-0.44285,-0.47425
0.64890,-0.42077,-0.45284
0.65559,-0.39857,-0.43118
0.66227,-0.37626,-0.40927
0.66896,-0.35387,-0.38716
0.67565,-0.33140,-0.36486
0.68234,-0.30888,-0.34241
0.68903,-0.28631,-0.31981
0.69572,-0.26371,-0.29709
0.70241,-0.24110,-0.27427
0.70909,-0.21847,-0.25136
0.71578,-0.19585,-0.22839
0.72247,-0.17325,-0.20536
0.72916,-0.15066,-0.18228
0.73585,-0.12810,-0.15918
0.74254,-0.10557,-0.13607
0.74923,-0.08309,-0.11295
0.75592,-0.06065,-0.08983
0.76260,-0.03827,-0.06673
0.76929,-0.01594,-0.04365
0.77598,0.00632,-0.02060
0.78267,0.02852,0.00240
0.78936,0.05064,0.02536
0.79605,0.07269,0.04827
0.80274,0.09466,0.07111
0.80942,0.11655,0.09389
0.81611,0.13836,0.11660
0.82280,0.16008,0.13922
0.82949,0.18171,0.16177
0.83618,0.20325,0.18424
0.84287,0.22470,0.20661
0.84956,0.24605,0.22889
0.85624,0.26730,0.25108
0.86293,0.28846,0.27316
0.86962,0.30952,0.29515
0.87631,0.33048,0.31703
0.88300,0.35134,0.33880
0.88969,0.37210,0.36046
0.89638,0.39275,0.38202
0.90306,0.41330,0.40346
0.90975,0.43375,0.42478
0.91644,0.45409,0.44599
0.92313,0.47433,0.46709
0.92982,0.49446,0.48806
0.93651,0.51449,0.50892
0.94320,0.53441,0.52966
0.94989,0.55423,0.55026
0.95657,0.57394,0.57080
0.96326,0.59355,0.59115
0.96995,0.61305,0.61142
0.97664,0.63244,0.63142
0.98333,0.65173,0.65145
0.99002,0.67091,0.67147
0.99671,0.69000,0.69068
1.00339,0.70896,0.66092
1.01008,0.72784,0.73198
1.01677,0.74660,0.74982
1.02346,0.76526,0.76896
1.03015,0.78382,0.78821
1.03684,0.80228,0.80727
1.04353,0.82063,0.82620
1.05021,0.83888,0.84498
1.05690,0.85703,0.86366
1.06359,0.87508,0.88223
1.07028,0.89302,0.90067
1.07697,0.91087,0.91899
1.08366,0.92862,0.93720
1.09035,0.94627,0.95530
1.09704,0.96382,0.97327
1.10372,0.98127,0.99113
1.11041,0.99862,1.00888
1.11710,1.01588,1.02652
1.12379,1.03304,1.04404
1.13048,1.05011,1.06145
1.13717,1.06708,1.07875
1.14386,1.08395,1.09594
1.15054,1.10073,1.11302
1.15723,1.11742,1.12999
1.16392,1.13402,1.14685
1.17061,1.15052,1.16361
1.17730,1.16694,1.18026
1.18399,1.18326,1.19680
1.19068,1.19949,1.21325
1.19736,1.21563,1.22958
1.20405,1.23168,1.24582
1.21074,1.24765,1.26195
1.21743,1.26352,1.27798
1.22412,1.27931,1.29392
1.23081,1.29502,1.30975
1.23750,1.31063,1.32549
1.24418,1.32617,1.34112
1.25087,1.34161,1.35667
1.25756,1.35698,1.37211
1.26425,1.37226,1.38746
1.27094,1.38745,1.40272
1.27763,1.40257,1.41789
1.28432,1.41760,1.43296
1.29101,1.43256,1.44794
1.29769,1.44743,1.46284
1.30438,1.46222,1.47764
1.31107,1.47693,1.49235
1.31776,1.49157,1.50698
1.32445,1.50613,1.52152
1.33114,1.52061,1.53597
1.33783,1.53501,1.55034
1.34451,1.54934,1.56462
1.35120,1.56359,1.57882
1.35789,1.57776,1.59294
1.36458,1.59186,1.60698
1.37127,1.60589,1.62093
1.37796,1.61985,1.63480
1.38465,1.63373,1.64860
1.39133,1.64754,1.66231
1.39802,1.66128,1.67595
1.40471,1.67494,1.68951
1.41140,1.68854,1.70299
1.41809,1.70206,1.71640
1.42478,1.71552,1.72973
1.43147,1.72891,1.74299
1.43816,1.74223,1.75618
1.44484,1.75548,1.76929
1.45153,1.76866,1.78233
1.45822,1.78178,1.79530
1.46491,1.79483,1.80819
1.47160,1.80781,1.82102
1.47829,1.82073,1.83378
1.48498,1.83359,1.84647
1.49166,1.84638,1.85909
1.49835,1.85910,1.87164
1.50504,1.87177,1.88413
1.51173,1.88437,1.89655
1.51842,1.89690,1.90890
1.52511,1.90938,1.92119
1.53180,1.92179,1.93342
1.53848,1.93414,1.94558
1.54517,1.94644,1.95768
1.55186,1.95867,1.96972
1.55855,1.97084,1.98169
1.56524,1.98295,1.99360
1.57193,1.99501,2.00546
1.57862,2.00700,2.01725
1.58531,2.01894,2.02898
1.59199,2.03082,2.04066
1.59868,2.04265,2.05227
1.60537,2.05441,2.06383
1.61206,2.06612,2.07533
1.61875,2.07778,2.08677
1.62544,2.08938,2.09816
1.63213,2.10092,2.10949
1.63881,2.11241,2.12077
1.64550,2.12385,2.13199
1.65219,2.13523,2.14315
1.65888,2.14656,2.15427
1.66557,2.15784,2.16533
1.67226,2.16906,2.17633
1.67895,2.18023,2.18729
1.68563,2.19135,2.19819
1.69232,2.20242,2.20904
1.69901,2.21344,2.21984
1.70570,2.22440,2.23059
1.71239,2.23532,2.24129
1.71908,2.24618,2.25194
1.72577,2.25700,2.26255
1.73245,2.26777,2.27310
1.73914,2.27848,2.28360
1.74583,2.28915,2.29406
1.75252,2.29978,2.30447
1.75921,2.31035,2.31483
1.76590,2.32088,2.32514
1.77259,2.33135,2.33541
1.77928,2.34179,2.34563
1.78596,2.35217,2.35581
1.79265,2.36251,2.36594
1.79934,2.37281,2.37603
1.80603,2.38305,2.38607
1.81272,2.39326,2.39607
1.81941,2.40341,2.40603
1.82610,2.41353,2.41594
1.83278,2.42360,2.42581
1.83947,2.43362,2.43564
1.84616,2.44360,2.44542
1.85285,2.45354,2.45516
1.85954,2.46344,2.46486
1.86623,2.47329,2.47452
1.87292,2.48310,2.48414
1.87960,2.49287,2.49372
1.88629,2.50260,2.50326
1.89298,2.51228,2.51276
1.89967,2.52192,2.52221
1.90636,2.53153,2.53163
1.91305,2.54109,2.54101
1.91974,2.55061,2.55036
1.92643,2.56009,2.55966
1.93311,2.56953,2.56892
1.93980,2.57893,2.57815
1.94649,2.58829,2.58734
1.95318,2.59762,2.59649
1.95987,2.60690,2.60561
1.96656,2.61615,2.61469
1.97325,2.62535,2.62373
1.97993,2.63452,2.63274
1.98662,2.64365,2.64171
1.99331,2.65275,2.65065
2.00000,2.66181,2.65955
